kr_N_per_m,delta_ex_m,delta_ey_m,delta_ez_m,delta_norm_m
2985531.0900612506,7.823125625e-06,-3.0603688499123707e-21,3.3494878125e-05,3.43963392696539e-05
